race,sex,Body parts,skin layer,age,thickness,
eu,female,gluteal region,SC,20,12.76,
eu,female,gluteal region,SC,21,13.3,
eu,male,gluteal region,SC,22,14.12,
eu,female,gluteal region,SC,22,11.4,
eu,female,gluteal region,SC,25,10.05,
eu,male,gluteal region,SC,27,13.3,
eu,female,gluteal region,SC,27,9.77,
eu,female,gluteal region,SC,30,13.3,
eu,male,gluteal region,SC,32,17.1,
eu,female,gluteal region,SC,34,8.96,
eu,female,gluteal region,SC,34,14.93,
eu,male,gluteal region,SC,35,12.49,
eu,female,gluteal region,SC,36,10.86,
eu,female,gluteal region,SC,40,14.39,
eu,male,gluteal region,SC,40,10.32,
eu,female,gluteal region,SC,42,13.85,
eu,female,gluteal region,SC,43,9.5,
eu,male,gluteal region,SC,47,14.28,
eu,female,gluteal region,SC,47,8.69,
eu,female,gluteal region,SC,48,14.39,
eu,male,gluteal region,SC,51,14.93,
eu,female,gluteal region,SC,55,13.58,
eu,female,gluteal region,SC,58,21.72,
eu,male,gluteal region,SC,59,14.38,
eu,female,gluteal region,SC,59,10.86,
eu,female,gluteal region,SC,62,9.77,
eu,male,gluteal region,SC,65,11.4,
eu,female,gluteal region,SC,66,14.66,
eu,female,gluteal region,SC,68,10.05,
eu,male,gluteal region,SC,70,19.55,
eu,female,gluteal region,SC,72,13.03,
eu,female,gluteal region,SC,73,11.13,
eu,male,gluteal region,SC,74,10.59,
eu,female,gluteal region,SC,82,11.13,
eu,female,gluteal region,SC,86,10.32,
eu,male,gluteal region,ET,20,70.1,
eu,female,gluteal region,ET,20,90.5,
eu,female,gluteal region,ET,22,90.4,
eu,male,gluteal region,ET,22,89.9,
eu,female,gluteal region,ET,22,70.59,
eu,female,gluteal region,ET,25,74.66,
eu,male,gluteal region,ET,27,86.34,
eu,female,gluteal region,ET,30,89.9,
eu,female,gluteal region,ET,32,112.67,
eu,male,gluteal region,ET,32,79,
eu,female,gluteal region,ET,29,61.09,
eu,female,gluteal region,ET,34,68.96,
eu,male,gluteal region,ET,41,86.88,
eu,female,gluteal region,ET,40,64.89,
eu,female,gluteal region,ET,42,62.45,
eu,male,gluteal region,ET,44,82.81,
eu,female,gluteal region,ET,43,62.17,
eu,female,gluteal region,ET,48,84.98,
eu,male,gluteal region,ET,51,67.88,
eu,female,gluteal region,ET,47,42.35,
eu,female,gluteal region,ET,51,59.46,
eu,male,gluteal region,ET,55,95.57,
eu,female,gluteal region,ET,55,52.67,
eu,female,gluteal region,ET,59,62.83,
eu,male,gluteal region,ET,60,72.76,
eu,female,gluteal region,ET,60,45.88,
eu,female,gluteal region,ET,63,77.11,
eu,male,gluteal region,ET,65,66.52,
eu,female,gluteal region,ET,66,52.94,
eu,female,gluteal region,ET,66,65.43,
eu,male,gluteal region,ET,69,55.93,
eu,female,gluteal region,ET,72,63.53,
eu,female,gluteal region,ET,74,58.1,
eu,male,gluteal region,ET,86,49.41,
eu,female,gluteal region,SC,20,10.496,
eu,male,gluteal region,SC,19,11,
eu,female,gluteal region,SC,20,13.55,
eu,female,gluteal region,SC,21,13.76,
eu,female,gluteal region,SC,21,13.04,
eu,male,gluteal region,SC,22,13.04,
eu,female,gluteal region,SC,22,10.6,
eu,female,gluteal region,SC,22,11.82,
eu,female,gluteal region,SC,22,14.47,
eu,male,gluteal region,SC,22,15.09,
eu,female,gluteal region,SC,22,16.93,
eu,female,gluteal region,SC,21,20,
eu,female,gluteal region,SC,23,11.02,
eu,male,gluteal region,SC,23,14.48,
eu,female,gluteal region,SC,23,15.5,
eu,female,gluteal region,SC,23,16.42,
eu,female,gluteal region,SC,23,11.12,
eu,male,gluteal region,SC,23,12.34,
eu,female,gluteal region,SC,24,16.93,
eu,female,gluteal region,SC,25,10.2,
eu,female,gluteal region,SC,24,11.02,
eu,male,gluteal region,SC,24,12.14,
eu,female,gluteal region,SC,24,17.03,
eu,female,gluteal region,SC,25,10,
eu,female,gluteal region,SC,25,12.75,
eu,male,gluteal region,SC,25,14.48,
eu,female,gluteal region,SC,25,17.85,
eu,female,gluteal region,SC,26,10.51,
eu,female,gluteal region,SC,27,10,
eu,male,gluteal region,SC,27,10.82,
eu,female,gluteal region,SC,27,11.53,
eu,female,gluteal region,SC,28,12.65,
eu,female,gluteal region,SC,29,13.67,
eu,male,gluteal region,SC,30,13.97,
eu,female,gluteal region,SC,31,11.32,
eu,female,gluteal region,SC,32,21.92,
eu,female,gluteal region,SC,33,15.5,
eu,male,gluteal region,SC,33,9.37,
eu,female,gluteal region,SC,32,11.62,
eu,female,gluteal region,SC,41,11.92,
eu,female,gluteal region,SC,42,12.33,
eu,male,gluteal region,SC,43,21.32,
eu,female,gluteal region,SC,46,11.92,
eu,female,gluteal region,SC,47,7.34,
eu,female,gluteal region,SC,50,13.76,
eu,male,gluteal region,SC,50,14.88,
eu,female,gluteal region,SC,50,15.79,
eu,female,gluteal region,SC,52,10.29,
eu,female,gluteal region,SC,52,6.82,
eu,male,gluteal region,SC,55,9.88,
eu,female,gluteal region,SC,58,8.36,
eu,female,gluteal region,SC,58,19.77,
eu,female,gluteal region,SC,62,10.39,
eu,male,gluteal region,SC,63,13.55,
eu,female,gluteal region,SC,66,7.95,
eu,female,gluteal region,SC,66,13.65,
eu,female,gluteal region,SC,66,16.1,
eu,male,gluteal region,SC,66,18.24,
eu,female,gluteal region,SC,66,20.58,
eu,female,gluteal region,SC,67,9.99,
eu,female,gluteal region,SC,68,10.39,
eu,male,gluteal region,SC,68,13.45,
eu,female,gluteal region,SC,69,10.5,
eu,female,gluteal region,SC,69,13.55,
eu,female,gluteal region,SC,70,13.55,
eu,male,gluteal region,SC,70,15.08,
eu,female,gluteal region,SC,71,16.71,
eu,female,gluteal region,SC,74,14.67,
eu,female,gluteal region,ET,21,50,
eu,female,gluteal region,ET,19,80.68,
eu,female,gluteal region,ET,20,64.29,
eu,female,gluteal region,ET,20,71.91,
eu,female,gluteal region,ET,22,49.05,
eu,female,gluteal region,ET,22,65.24,
eu,female,gluteal region,ET,22,69.05,
eu,female,gluteal region,ET,23,63.34,
eu,female,gluteal region,ET,23,68.57,
eu,female,gluteal region,ET,23,70.48,
eu,female,gluteal region,ET,23,91.91,
eu,female,gluteal region,ET,24,94.29,
eu,female,gluteal region,ET,24,70,
eu,female,gluteal region,ET,24,57.62,
eu,female,gluteal region,ET,24,67.62,
eu,female,gluteal region,ET,25,77.62,
eu,female,gluteal region,ET,25,74.29,
eu,female,gluteal region,ET,25,67.62,
eu,female,gluteal region,ET,25,51.91,
eu,female,gluteal region,ET,26,54.29,
eu,female,gluteal region,ET,27,70.48,
eu,female,gluteal region,ET,27,50,
eu,female,gluteal region,ET,27,35.24,
eu,female,gluteal region,ET,28,54.29,
eu,female,gluteal region,ET,29,61.43,
eu,female,gluteal region,ET,30,59.05,
eu,female,gluteal region,ET,30,63.34,
eu,female,gluteal region,ET,31,62.86,
eu,female,gluteal region,ET,34,70.48,
eu,female,gluteal region,ET,34,62.38,
eu,female,gluteal region,ET,35,59.05,
eu,female,gluteal region,ET,42,71.91,
eu,female,gluteal region,ET,43,48.09,
eu,female,gluteal region,ET,46,79.52,
eu,female,gluteal region,ET,52,70.95,
eu,female,gluteal region,ET,52,100.48,
eu,female,gluteal region,ET,55,61.91,
eu,female,gluteal region,ET,58,58.09,
eu,female,gluteal region,ET,58,71.43,
eu,female,gluteal region,ET,62,57.62,
eu,female,gluteal region,ET,66,41.43,
eu,female,gluteal region,ET,66,63.81,
eu,female,gluteal region,ET,66,46.19,
eu,female,gluteal region,ET,66,43.34,
eu,female,gluteal region,ET,68,43.34,
eu,female,gluteal region,ET,69,54.29,
eu,female,gluteal region,ET,70,55.71,
eu,female,gluteal region,ET,70,50.48,
eu,female,gluteal region,ET,74,53.34,
eu,male,gluteal region,ET,23,57.14,
eu,male,gluteal region,ET,20,95.24,
eu,male,gluteal region,ET,21,104.76,
eu,male,gluteal region,ET,23,60,
eu,male,gluteal region,ET,24,70.95,
eu,male,gluteal region,ET,24,66.19,
eu,male,gluteal region,ET,25,96.66,
eu,male,gluteal region,ET,27,88.57,
eu,male,gluteal region,ET,32,115.24,
eu,male,gluteal region,ET,41,88.69,
eu,male,gluteal region,ET,46,73.81,
eu,male,gluteal region,ET,47,81.43,
eu,male,gluteal region,ET,50,51.43,
eu,male,gluteal region,ET,50,69.05,
eu,male,gluteal region,ET,50,90.48,
eu,male,gluteal region,ET,63,74.76,
eu,male,gluteal region,ET,66,43.34,
eu,male,gluteal region,ET,66,90.05,
eu,male,gluteal region,ET,67,58.09,
eu,male,gluteal region,ET,68,52.38,
eu,male,gluteal region,ET,69,75.24,
eu,male,gluteal region,ET,71,43.81,
eu,female,forearm,ET,23,64.1,
eu,female,forearm,ET,24,63.25,
eu,female,forearm,ET,24,65.55,
eu,female,forearm,ET,28,73.9,
eu,female,forearm,ET,34,73.4,
eu,female,forearm,ET,28,55.95,
eu,female,forearm,ET,25,72.55,
eu,female,forearm,ET,52,70.35,
eu,female,forearm,ET,54,79.6,
eu,female,forearm,ET,52,56.55,
eu,female,forearm,ET,52,89.8,
eu,female,forearm,ET,52,86.65,
eu,female,forearm,ET,44,79.4,
eu,female,forearm,ET,50,76.8,
asia,male,Scalp,ET,28,78,
asia,female,Scalp,ET,31,30,
asia,female,Scalp,ET,31,80,
asia,male,Scalp,ET,32,92,
asia,male,Scalp,ET,36,66,
asia,female,Scalp,ET,40,78,
asia,male,Scalp,ET,41,88,
asia,male,Scalp,ET,44,51,
asia,male,Scalp,ET,47,82,
asia,female,Scalp,ET,58,66,
asia,male,Scalp,ET,58,52,
asia,female,Scalp,ET,60,38,
asia,male,Scalp,ET,64,67,
asia,male,Scalp,ET,65,94,
asia,female,Scalp,ET,66,76,
asia,female,Scalp,ET,67,43,
asia,male,Scalp,ET,67,33,
asia,male,Scalp,ET,69,69,
asia,male,Scalp,ET,70,83,
asia,male,Scalp,ET,70,54,
asia,female,Scalp,ET,71,70,
asia,female,Scalp,ET,72,65,
asia,female,Scalp,ET,74,65,
asia,female,Scalp,ET,76,50,
asia,female,Scalp,ET,80,38,
asia,female,Scalp,ET,82,49,
asia,female,Scalp,ET,82,44,
asia,male,Scalp,ET,82,54,
asia,female,Scalp,ET,83,39,
asia,male,Scalp,ET,90,70,
eu,,dorsal forearm,ET,21,80.3,
eu,,dorsal forearm,ET,21,94.91,
eu,,dorsal forearm,ET,22,90.79,
eu,,dorsal forearm,ET,21,91.21,
eu,,dorsal forearm,ET,24,90.79,
eu,,dorsal forearm,ET,20,94.91,
eu,,dorsal forearm,ET,22,99.98,
eu,,dorsal forearm,ET,21,99.98,
eu,,dorsal forearm,ET,23,99.98,
eu,,dorsal forearm,ET,21,106.03,
eu,,dorsal forearm,ET,22,106.03,
eu,,dorsal forearm,ET,23,106.03,
eu,,dorsal forearm,ET,23,111.42,
eu,,dorsal forearm,ET,25,111.42,
eu,,dorsal forearm,ET,23,111.42,
eu,,dorsal forearm,ET,23,125.69,
eu,,dorsal forearm,ET,23,132.03,
eu,,dorsal forearm,ET,27,111.42,
eu,,dorsal forearm,ET,27,96.18,
eu,,dorsal forearm,ET,27,82.58,
eu,,dorsal forearm,ET,26,75.86,
eu,,dorsal forearm,ET,26,70.15,
eu,,dorsal forearm,ET,42,71.05,
eu,,dorsal forearm,ET,42,80.56,
eu,,dorsal forearm,ET,45,80.56,
eu,,dorsal forearm,ET,46,80.56,
eu,,dorsal forearm,ET,47,80.56,
eu,,dorsal forearm,ET,46,71.05,
eu,,dorsal forearm,ET,47,71.05,
eu,,dorsal forearm,ET,48,71.05,
eu,,dorsal forearm,ET,45,66.29,
eu,,dorsal forearm,ET,46,66.29,
eu,,dorsal forearm,ET,48,66.29,
eu,,dorsal forearm,ET,46,60.27,
eu,,dorsal forearm,ET,53,60.27,
eu,,dorsal forearm,ET,46,85.64,
eu,,dorsal forearm,ET,47,85.64,
eu,,dorsal forearm,ET,48,91.03,
eu,,dorsal forearm,ET,45,95.86,
eu,,dorsal forearm,ET,45,101.18,
eu,,dorsal forearm,ET,47,101.18,
eu,,dorsal forearm,ET,52,101.18,
eu,,dorsal forearm,ET,47,112.37,
eu,,dorsal forearm,ET,59,70.41,
eu,,dorsal forearm,ET,59,84.69,
eu,,dorsal forearm,ET,64,85.83,
eu,,dorsal forearm,ET,64,95.47,
eu,,dorsal forearm,ET,72,101.5,
eu,,dorsal forearm,ET,73,101.5,
eu,,dorsal forearm,ET,74,101.5,
eu,,dorsal forearm,ET,72,105.62,
eu,,dorsal forearm,ET,73,105.62,
eu,,dorsal forearm,ET,74,105.62,
eu,,dorsal forearm,ET,75,110.7,
eu,,dorsal forearm,ET,74,116.4,
eu,,dorsal forearm,ET,75,121.48,
eu,,dorsal forearm,ET,74,84.37,
eu,,dorsal forearm,ET,75,84.37,
eu,,dorsal forearm,ET,76,84.37,
eu,,dorsal forearm,ET,74,80.25,
eu,,dorsal forearm,ET,76,80.25,
eu,,dorsal forearm,ET,75,75.49,
eu,,dorsal forearm,ET,75,54.56,
eu,,dorsal forearm,ET,82,70.09,
eu,,Volar forearm,ET,20,74.09,
eu,,Volar forearm,ET,22,138.64,
eu,,Volar forearm,ET,23,111.08,
eu,,Volar forearm,ET,23,124.09,
eu,,Volar forearm,ET,25,135.81,
eu,,Volar forearm,ET,26,164.92,
eu,,Volar forearm,ET,28,96.32,
eu,,Volar forearm,ET,28,75.85,
eu,,Volar forearm,ET,35,96.1,
eu,,Volar forearm,ET,43,101.71,
eu,,Volar forearm,ET,43,94.55,
eu,,Volar forearm,ET,46,99.51,
eu,,Volar forearm,ET,51,74.3,
eu,,Volar forearm,ET,53,126.22,
eu,,Volar forearm,ET,52,68.33,
eu,,Volar forearm,ET,57,63.64,
eu,,Volar forearm,ET,57,65.62,
eu,,Volar forearm,ET,63,106.82,
eu,,Volar forearm,ET,64,59.42,
eu,,Volar forearm,ET,69,102.01,
eu,,Volar forearm,ET,73,60.02,
eu,,Volar forearm,ET,53,127.75,
eu,,Volar forearm,ET,35,96.31,
asia,,Volar forearm,ET,18,95.2,
asia,,Volar forearm,ET,20,106.3,
asia,,Volar forearm,ET,20,84.6,
asia,,Volar forearm,ET,22,85,
asia,,Volar forearm,ET,23,87.3,
asia,,Volar forearm,ET,24,100,
asia,,Volar forearm,ET,25,74.2,
asia,,Volar forearm,ET,27,70.28,
asia,,Volar forearm,ET,27,89.55,
asia,,Volar forearm,ET,27,108.45,
asia,,Volar forearm,ET,28,123.32,
asia,,Volar forearm,ET,30,88.87,
asia,,Volar forearm,ET,30,95.63,
asia,,Volar forearm,ET,30,85.8,
asia,,Volar forearm,ET,31,111.15,
asia,,Volar forearm,ET,31,69.91,
asia,,Volar forearm,ET,32,103.07,
asia,,Volar forearm,ET,32,92.59,
asia,,Volar forearm,ET,34,73.66,
asia,,Volar forearm,ET,36,56.08,
asia,,Volar forearm,ET,40,91.24,
asia,,Volar forearm,ET,42,67.24,
asia,,Volar forearm,ET,47,85.83,
asia,,Volar forearm,ET,47,83.905,
asia,,Volar forearm,ET,48,75.35,
asia,,Volar forearm,ET,51,110.5,
asia,,Volar forearm,ET,53,66.57,
asia,,Volar forearm,ET,57,63.8,
asia,,Volar forearm,ET,57,91.92,
asia,,Volar forearm,ET,58,82.79,
asia,,Volar forearm,ET,59,79.07,
asia,,Volar forearm,ET,62,86.5,
asia,,Volar forearm,ET,63,57.11,
asia,,Volar forearm,ET,64,91.91,
asia,,Volar forearm,ET,65,63.87,
asia,,Volar forearm,ET,66,40.21,
asia,,Volar forearm,ET,67,76.72,
asia,,Volar forearm,ET,67,100.04,
asia,,Volar forearm,ET,70,91.92,
asia,,Volar forearm,ET,69,81.79,
asia,,Volar forearm,ET,73,103.08,
asia,,Volar forearm,ET,74,84.49,
asia,,Volar forearm,ET,79,73.67,
eu,female,chest,ET,33,95,
eu,male,chest,ET,30,90,
eu,female,chest,ET,45,90,
eu,female,chest,ET,27,90,
eu,female,chest,ET,43,90,
eu,male,chest,ET,30,115,
eu,female,chest,ET,72,100,
eu,female,chest,ET,51,130,
eu,male,chest,ET,28,95,
eu,male,chest,ET,28,100,
eu,female,chest,ET,27,85,
eu,female,chest,ET,33,90,
eu,male,chest,ET,30,80,
eu,female,chest,ET,45,80,
eu,female,chest,ET,27,70,
eu,female,chest,ET,43,80,
eu,male,chest,ET,30,100,
eu,female,chest,ET,72,90,
eu,female,chest,ET,51,110,
eu,male,chest,ET,28,80,
eu,male,chest,ET,28,90,
eu,female,chest,ET,27,90,
eu,female,chest,ET,33,100,
eu,male,chest,ET,30,100,
eu,female,chest,ET,45,100,
eu,female,chest,ET,27,110,
eu,female,chest,ET,43,100,
eu,male,chest,ET,30,130,
eu,female,chest,ET,72,110,
eu,female,chest,ET,51,150,
eu,male,chest,ET,28,110,
eu,male,chest,ET,28,110,
eu,female,chest,ET,27,80,
eu,female,armpit,ET,33,120,
eu,male,armpit,ET,30,130,
eu,female,armpit,ET,45,120,
eu,female,armpit,ET,27,140,
eu,female,armpit,ET,43,130,
eu,male,armpit,ET,30,130,
eu,female,armpit,ET,72,130,
eu,female,armpit,ET,51,190,
eu,male,armpit,ET,28,150,
eu,male,armpit,ET,28,170,
eu,female,armpit,ET,27,160,
eu,female,armpit,ET,33,170,
eu,male,armpit,ET,30,160,
eu,female,armpit,ET,45,170,
eu,female,armpit,ET,27,120,
eu,female,armpit,ET,43,120,
eu,male,armpit,ET,30,190,
eu,female,armpit,ET,72,160,
eu,female,armpit,ET,51,170,
eu,male,armpit,ET,28,160,
eu,male,armpit,ET,28,170,
eu,female,armpit,ET,27,220,
eu,female,armpit,ET,33,145,
eu,male,armpit,ET,30,145,
eu,female,armpit,ET,45,145,
eu,female,armpit,ET,27,130,
eu,female,armpit,ET,43,125,
eu,male,armpit,ET,30,160,
eu,female,armpit,ET,72,145,
eu,female,armpit,ET,51,180,
eu,male,armpit,ET,28,155,
eu,male,armpit,ET,28,170,
eu,female,armpit,ET,27,190,
eu,female,cheek,ET,52,61.67,
eu,female,cheek,ET,30,60.67,
eu,female,cheek,ET,33,67.25,
eu,male,cheek,ET,48,62.43,
eu,female,cheek,ET,55,61.22,
eu,male,cheek,ET,42,61.87,
eu,male,cheek,ET,30,62.59,
eu,male,cheek,ET,40,63.2,
eu,male,cheek,ET,59,57.58,
eu,male,cheek,ET,42,62.45,
eu,male,cheek,ET,49,60.11,
eu,male,cheek,ET,32,67,
eu,male,cheek,ET,39,62.54,
eu,female,cheek,ET,40,62.03,
eu,male,cheek,ET,48,61.55,
eu,male,cheek,ET,29,57.5,
eu,female,cheek,ET,0.5,55.95,
eu,female,cheek,ET,3.5,55.73,
eu,female,arm,ET,52,67.6,
eu,female,arm,ET,30,63.65,
eu,female,arm,ET,33,68.86,
eu,male,arm,ET,48,69.27,
eu,female,arm,ET,55,64.28,
eu,male,arm,ET,42,70.82,
eu,male,arm,ET,30,69.27,
eu,male,arm,ET,40,68.07,
eu,male,arm,ET,59,65.16,
eu,male,arm,ET,42,68.63,
eu,male,arm,ET,49,69.96,
eu,male,arm,ET,32,69.26,
eu,male,arm,ET,39,70.16,
eu,female,arm,ET,40,67.78,
eu,male,arm,ET,48,67.65,
eu,male,arm,ET,29,59.06,
eu,female,arm,ET,0.5,61.1,
eu,female,arm,ET,3.5,59.5,
eu,male,arm,ET,5.5,74.04,
eu,female,upper inner arm,ET,21,39.48,
eu,female,upper inner arm,ET,22,45.91,
eu,female,upper inner arm,ET,24,30.64,
eu,female,upper inner arm,ET,25,29.74,
eu,female,upper inner arm,ET,27,36.97,
eu,female,upper inner arm,ET,28,30.04,
eu,female,upper inner arm,ET,31,28.48,
eu,female,upper inner arm,ET,35,32.05,
eu,female,upper inner arm,ET,36,38.46,
eu,female,upper inner arm,ET,39,32.72,
eu,female,upper inner arm,ET,40,29.15,
eu,female,upper inner arm,ET,42,25.94,
eu,female,upper inner arm,ET,43,24.38,
eu,female,upper inner arm,ET,49,28.18,
eu,female,upper inner arm,ET,51,28.55,
eu,female,upper inner arm,ET,52,30.94,
eu,female,upper inner arm,ET,53,26.61,
eu,female,upper inner arm,ET,54,25.57,
eu,female,upper inner arm,ET,56,24.68,
eu,female,upper inner arm,ET,58,27.58,
eu,female,upper inner arm,ET,59,22.74,
eu,female,upper inner arm,ET,64,23.63,
eu,female,upper inner arm,ET,65,19.83,
eu,female,upper inner arm,ET,66,26.61,
eu,female,upper inner arm,ET,67,24.38,
eu,female,upper inner arm,ET,70,28.92,
eu,female,upper inner arm,ET,70,22.74,
eu,female,upper inner arm,ET,72,24.08,
eu,female,upper inner arm,ET,74,31.61,
eu,female,upper inner arm,ET,75,22.74,
eu,female,upper inner arm,ET,77,28.55,
eu,female,upper inner arm,ET,80,26.09,
eu,male,upper inner arm,ET,24,37.04,
eu,male,upper inner arm,ET,26,33.24,
eu,male,upper inner arm,ET,26,48.14,
eu,male,upper inner arm,ET,28,54.55,
eu,male,upper inner arm,ET,29,35.05,
eu,male,upper inner arm,ET,33,28.4,
eu,male,upper inner arm,ET,35,34.36,
eu,male,upper inner arm,ET,36,32.2,
eu,male,upper inner arm,ET,37,29.59,
eu,male,upper inner arm,ET,40,34.96,
eu,male,upper inner arm,ET,41,30.49,
eu,male,upper inner arm,ET,41,24.01,
eu,male,upper inner arm,ET,43,29.59,
eu,male,upper inner arm,ET,51,35.85,
eu,male,upper inner arm,ET,53,29.74,
eu,male,upper inner arm,ET,55,29.22,
eu,male,upper inner arm,ET,60,33.02,
eu,male,upper inner arm,ET,62,32.87,
eu,male,upper inner arm,ET,63,24.97,
eu,male,upper inner arm,ET,64,31.23,
eu,male,upper inner arm,ET,66,17.75,
eu,male,upper inner arm,ET,67,27.58,
eu,male,upper inner arm,ET,67,25.57,
eu,male,upper inner arm,ET,73,26.91,
eu,male,upper inner arm,ET,76,24.97,
eu,male,upper inner arm,ET,77,32.65,
eu,male,upper inner arm,ET,79,23.93,
asia,female,cheek,SC,23,11.7,
asia,female,cheek,SC,28,14.7,
asia,female,cheek,SC,36,17.6,
asia,female,cheek,SC,38,16,
asia,female,cheek,SC,39,18.4,
asia,female,cheek,SC,39,17.7,
asia,female,cheek,SC,42,15.6,
asia,female,cheek,SC,49,16.9,
asia,female,cheek,SC,59,14.7,
asia,female,cheek,SC,60,18.3,
asia,female,cheek,SC,61,11.7,
asia,female,cheek,SC,62,11.7,
asia,female,cheek,SC,62,10.1,
asia,female,cheek,SC,63,14.9,
asia,female,cheek,SC,63,17.2,
asia,female,cheek,SC,63,21,
asia,female,cheek,SC,68,16,
asia,female,cheek,SC,69,12.4,
asia,female,cheek,SC,69,17.3,
asia,female,cheek,SC,71,17.2,
asia,female,cheek,SC,72,17,
asia,female,cheek,SC,73,12.8,
asia,female,cheek,SC,73,17.9,
asia,female,cheek,SC,74,12.4,
asia,female,cheek,SC,76,12.6,
asia,female,forearm,SC,23,25.3,
asia,female,forearm,SC,27,17.2,
asia,female,forearm,SC,28,19.8,
asia,female,forearm,SC,35,19.9,
asia,female,forearm,SC,37,21.4,
asia,female,forearm,SC,38,20.7,
asia,female,forearm,SC,39,23.4,
asia,female,forearm,SC,42,21.6,
asia,female,forearm,SC,49,19.1,
asia,female,forearm,SC,59,24.3,
asia,female,forearm,SC,60,22.7,
asia,female,forearm,SC,61,28,
asia,female,forearm,SC,62,23.7,
asia,female,forearm,SC,62,19.5,
asia,female,forearm,SC,62,15.9,
asia,female,forearm,SC,63,23.5,
asia,female,forearm,SC,63,22.2,
asia,female,forearm,SC,68,23.3,
asia,female,forearm,SC,69,33.4,
asia,female,forearm,SC,71,18.5,
asia,female,forearm,SC,72,25.8,
asia,female,forearm,SC,73,31.8,
asia,female,forearm,SC,73,24.4,
asia,female,forearm,SC,74,20.1,
asia,female,forearm,SC,76,26,
eu,female,face,SC,20,12,
eu,female,face,SC,21,13,
eu,female,face,SC,23,11,
eu,female,face,SC,22,11,
eu,female,face,SC,26,11,
eu,female,face,SC,24,12.5,
eu,female,face,SC,33,11,
eu,female,face,SC,36,10.5,
eu,female,face,SC,38,10,
eu,female,face,SC,32,11.8,
eu,female,face,SC,36,12.0828,
eu,female,face,SC,39,12.1647,
eu,female,face,SC,40,12.192,
eu,female,face,SC,41,12.3,
eu,female,face,SC,42,10.2,
eu,female,face,SC,45,14,
eu,female,face,SC,45,11,
eu,female,face,SC,46,10,
eu,female,face,SC,49,12.8,
eu,female,face,SC,51,12.4923,
eu,female,face,SC,52,13.1,
eu,female,face,SC,53,12.7,
eu,female,face,SC,54,10.1,
eu,female,face,SC,57,12.4,
eu,female,face,SC,57,10.8,
eu,female,face,SC,57,10.4,
eu,female,face,SC,60,12.738,
eu,female,face,SC,62,14,
eu,female,face,SC,63,12.5,
eu,female,face,SC,65,10.5,
eu,female,face,SC,66,14.2,
eu,female,face,SC,68,12.9564,
eu,female,face,SC,70,13.011,
eu,female,dorsal forearm,SC,20,13.62,
eu,female,dorsal forearm,SC,20,16,
eu,female,dorsal forearm,SC,21,17,
eu,female,dorsal forearm,SC,25,14,
eu,female,dorsal forearm,SC,26,17,
eu,female,dorsal forearm,SC,31,14.731,
eu,female,dorsal forearm,SC,32,14.832,
eu,female,dorsal forearm,SC,32,14.7,
eu,female,dorsal forearm,SC,34,15.034,
eu,female,dorsal forearm,SC,37,13.3,
eu,female,dorsal forearm,SC,38,12.5,
eu,female,dorsal forearm,SC,37,13.4,
eu,female,dorsal forearm,SC,40,17,
eu,female,dorsal forearm,SC,36,20,
eu,female,dorsal forearm,SC,41,15.741,
eu,female,dorsal forearm,SC,41,15.341,
eu,female,dorsal forearm,SC,42,15.2,
eu,female,dorsal forearm,SC,45,16.145,
eu,female,dorsal forearm,SC,45,15.55,
eu,female,dorsal forearm,SC,46,16.1,
eu,female,dorsal forearm,SC,49,24,
eu,female,dorsal forearm,SC,51,16.751,
eu,female,dorsal forearm,SC,51,16.5,
eu,female,dorsal forearm,SC,52,19,
eu,female,dorsal forearm,SC,53,24,
eu,female,dorsal forearm,SC,55,12,
eu,female,dorsal forearm,SC,57,17.357,
eu,female,dorsal forearm,SC,57,22,
eu,female,dorsal forearm,SC,59,17.559,
eu,female,dorsal forearm,SC,60,17.66,
eu,female,dorsal forearm,SC,62,13.5,
eu,female,dorsal forearm,SC,63,17.963,
eu,female,dorsal forearm,SC,64,16,
eu,female,dorsal forearm,SC,65,16.2,
eu,female,dorsal forearm,SC,67,16.1,
eu,female,dorsal forearm,SC,69,18.569,
eu,female,upper inner arm ,SC,20,14.3,
eu,female,upper inner arm ,SC,21,14.425,
eu,female,upper inner arm ,SC,23,14.675,
eu,female,upper inner arm ,SC,22,14.55,
eu,female,upper inner arm ,SC,24,14.8,
eu,female,upper inner arm ,SC,25,14.925,
eu,female,upper inner arm ,SC,27,15.175,
eu,female,upper inner arm ,SC,29,15.425,
eu,female,upper inner arm ,SC,31,15.675,
eu,female,upper inner arm ,SC,31,15.675,
eu,female,upper inner arm ,SC,32,14.4,
eu,female,upper inner arm ,SC,33,14.8,
eu,female,upper inner arm ,SC,34,16.05,
eu,female,upper inner arm ,SC,35,16.175,
eu,female,upper inner arm ,SC,32,15.8,
eu,female,upper inner arm ,SC,37,16.425,
eu,female,upper inner arm ,SC,38,15.2,
eu,female,upper inner arm ,SC,40,16.8,
eu,female,upper inner arm ,SC,41,16.925,
eu,female,upper inner arm ,SC,42,16.05,
eu,female,upper inner arm ,SC,44,17.3,
eu,female,upper inner arm ,SC,45,17.425,
eu,female,upper inner arm ,SC,47,17.675,
eu,female,upper inner arm ,SC,48,17.8,
eu,female,upper inner arm ,SC,43,17.175,
eu,female,upper inner arm ,SC,50,18.05,
eu,female,upper inner arm ,SC,51,14.3,
eu,female,upper inner arm ,SC,52,18.3,
eu,female,upper inner arm ,SC,53,18.425,
eu,female,upper inner arm ,SC,55,20.1,
eu,female,upper inner arm ,SC,57,18.925,
eu,female,upper inner arm ,SC,56,18.8,
eu,female,upper inner arm ,SC,58,19.05,
eu,female,upper inner arm ,SC,59,28,
eu,female,upper inner arm ,SC,60,19.3,
eu,female,upper inner arm ,SC,61,19.425,
eu,female,upper inner arm ,SC,61,19.425,
eu,female,upper inner arm ,SC,66,16.5,
eu,female,upper inner arm ,SC,69,20.425,
eu,female,upper inner arm ,SC,67,26.9,
eu,female,upper inner arm ,SC,63,19.675,
eu,female,upper inner arm ,SC,64,19.8,
asia,,leg,ET,3,56.2,
asia,,leg,ET,8,51.1,
asia,,leg,ET,16,52.3,
asia,,leg,ET,16,56.2,
asia,,leg,ET,20,52.7,
asia,,leg,ET,24,68.6,
asia,,leg,ET,29,76.9,
asia,,leg,ET,32,72.3,
asia,,leg,ET,33,72.6,
asia,,leg,ET,37,72.1,
asia,,leg,ET,38,75.4,
asia,,leg,ET,40,69.1,
asia,,leg,ET,40,66.9,
asia,,leg,ET,43,69.5,
asia,,leg,ET,46,71,
asia,,leg,ET,47,69.4,
asia,,leg,ET,48,72.1,
asia,,leg,ET,66,61,
asia,,leg,ET,70,57.8,
asia,,leg,ET,71,43.63,
asia,,leg,ET,75,47.9,
eu,male,upper inner arm ,SC,6,14,
eu,female,upper inner arm ,SC,19,14.6,
eu,male,upper inner arm ,SC,19,14.91,
eu,male,upper inner arm ,SC,20,11.64,
eu,male,upper inner arm ,SC,20,12.21,
eu,male,upper inner arm ,SC,20,12.5,
eu,male,upper inner arm ,SC,21,10,
eu,male,upper inner arm ,SC,21,13.89,
eu,male,upper inner arm ,SC,21,14.91,
eu,female,upper inner arm ,SC,21,11.83,
eu,male,upper inner arm ,SC,22,15.35,
eu,male,upper inner arm ,SC,22,13,
eu,female,upper inner arm ,SC,25,13.72,
eu,female,upper inner arm ,SC,25,11.32,
eu,male,upper inner arm ,SC,28,10,
eu,female,upper inner arm ,SC,32,8.23,
eu,male,upper inner arm ,SC,33,13.13,
eu,female,upper inner arm ,SC,34,11.2,
eu,female,upper inner arm ,SC,36,10.86,
eu,male,upper inner arm ,SC,40,12.47,
eu,female,upper inner arm ,SC,41,8.88,
eu,female,upper inner arm ,SC,41,10,
eu,male,upper inner arm ,SC,41,13.48,
eu,female,upper inner arm ,SC,42,10.56,
eu,female,upper inner arm ,SC,44,10.98,
eu,female,upper inner arm ,SC,47,14.37,
eu,male,upper inner arm ,SC,48,13.21,
eu,female,upper inner arm ,SC,48,10.64,
eu,female,upper inner arm ,SC,55,10.84075,
eu,female,upper inner arm ,SC,55,12.054,
eu,male,upper inner arm ,SC,54,8.88,
eu,male,upper inner arm ,SC,56,11.44,
eu,male,upper inner arm ,SC,56,12.2,
eu,female,upper inner arm ,SC,57,11.19,
eu,male,upper inner arm ,SC,58,7.76,
eu,female,upper inner arm ,SC,58,10.41,
eu,male,upper inner arm ,SC,59,9.71,
eu,male,upper inner arm ,SC,61,10.81,
eu,female,upper inner arm ,SC,62,12.82,
eu,female,upper inner arm ,SC,63,12.43,
eu,male,upper inner arm ,SC,64,10.31,
eu,male,upper inner arm ,SC,64,13.05,
eu,male,upper inner arm ,SC,65,10.38,
eu,male,upper inner arm ,SC,66,8.59,
eu,female,upper inner arm ,SC,68,12.05,
eu,male,upper inner arm ,SC,69,10.49,
eu,male,upper inner arm ,SC,70,11.76,
eu,female,upper inner arm ,SC,70,9.58,
eu,female,upper inner arm ,SC,75,9.64,
eu,female,upper inner arm ,SC,75,9.19,
eu,female,upper inner arm ,SC,75,8.46,
eu,male,upper inner arm ,SC,75,7.87,
eu,male,upper inner arm ,SC,75,7.58,
eu,male,upper inner arm ,SC,76,7.225,
eu,male,upper inner arm ,SC,77,76.65,
eu,female,upper inner arm ,SC,77,9.32,
eu,male,upper inner arm ,SC,78,11.36,
eu,female,upper inner arm ,SC,78,11.89,
eu,male,upper inner arm ,SC,80,12.12,
eu,male,leg,SC,22,9.92,
eu,male,leg,SC,18,10.94,
eu,male,leg,SC,17,11.48,
eu,male,leg,SC,16,12,
eu,male,leg,SC,17,13.82,
eu,male,leg,SC,18,14,
eu,male,leg,SC,17,15.24,
eu,male,leg,SC,20,12,
eu,male,leg,SC,22,13.08,
eu,male,leg,SC,22,13.56,
eu,male,leg,SC,21,15,
eu,male,leg,SC,23,13.9,
eu,male,leg,SC,23,14.02,
eu,male,leg,SC,23,14.26,
eu,female,leg,SC,23,12.24,
eu,female,leg,SC,26,13.06,
eu,female,leg,SC,24,10.08,
eu,female,leg,SC,25,11.04,
eu,female,leg,SC,25,13.04,
eu,male,leg,SC,28,13.1,
eu,male,leg,SC,28,11.2,
eu,male,leg,SC,28,9.54,
eu,male,leg,SC,35,12.6,
eu,male,leg,SC,36,10.16,
eu,male,leg,SC,41,12.36,
eu,female,leg,SC,47,11.62,
eu,male,leg,SC,49,10.74,
eu,female,leg,SC,55,11.22,
eu,male,leg,SC,55,14.88,
eu,male,leg,SC,55,12.9,
eu,female,leg,SC,56,10,
eu,male,leg,SC,56,9.76,
eu,male,leg,SC,58,9.58,
eu,female,leg,SC,63,12.64,
eu,male,leg,SC,62,9.36,
eu,male,leg,SC,64,11.74,
eu,female,leg,SC,65,11.26,
eu,female,leg,SC,75,9.68,
eu,male,leg,SC,74,11.94,
eu,female,gluteal region,SC,21,12.4,
eu,female,gluteal region,SC,40,14.7,
eu,female,gluteal region,SC,51,14.3,
eu,female,gluteal region,SC,31,12.8,
eu,female,gluteal region,SC,20,17.1,
eu,female,gluteal region,SC,28,9.9,
eu,male,gluteal region,SC,31,11.9,
eu,female,gluteal region,SC,25,13.3,
eu,male,gluteal region,SC,22,13.3,
eu,female,gluteal region,SC,23,16.2,
eu,female,gluteal region,SC,30,14.7,
eu,female,gluteal region,SC,22,10.9,
eu,male,gluteal region,SC,26,17.1,
eu,male,gluteal region,SC,23,15.2,
eu,female,gluteal region,SC,17,14.7,
eu,male,gluteal region,SC,31,17.1,
eu,female,gluteal region,SC,51,13.8,
eu,male,gluteal region,SC,29,9,
eu,female,gluteal region,SC,25,17.6,
eu,female,gluteal region,SC,23,12.4,
eu,male,gluteal region,SC,21,12.4,
eu,male,gluteal region,SC,29,16.6,
eu,male,gluteal region,SC,20,13.3,
eu,female,gluteal region,SC,24,15.2,
eu,male,gluteal region,SC,24,9.5,
eu,male,gluteal region,SC,24,12.8,
eu,female,gluteal region,SC,23,14.7,
eu,female,gluteal region,SC,35,16.6,
eu,male,gluteal region,SC,27,10.5,
eu,male,gluteal region,SC,25,11.4,
eu,female,gluteal region,SC,23,11.9,
eu,male,gluteal region,SC,28,18.5,
eu,male,gluteal region,SC,25,17.6,
eu,male,gluteal region,SC,31,15.7,
eu,female,gluteal region,SC,55,11.9,
eu,male,gluteal region,SC,65,9.9,
eu,male,gluteal region,SC,39,17.8,
eu,female,gluteal region,SC,41,13,
eu,male,gluteal region,SC,45,12.6,
eu,male,gluteal region,SC,45,19.1,
eu,male,gluteal region,SC,30,7.6,
eu,male,gluteal region,SC,30,6.2,
eu,female,gluteal region,SC,45,13.3,
eu,female,gluteal region,SC,42,9.9,
eu,male,gluteal region,SC,8,8.1,
eu,,foot,ET,36,73.1434029,
eu,,foot,ET,37,72.28432324,
eu,,foot,ET,38,72.13101697,
eu,,foot,ET,39,71.54624396,
eu,,foot,ET,40,70.44371313,
eu,,foot,ET,40,69.75531301,
eu,,foot,ET,42,69.50514051,
eu,,foot,ET,42,68.67984324,
eu,,foot,ET,43,68.14720122,
eu,,foot,ET,43,66.74985446,
eu,,foot,ET,44,66.17387518,
eu,,foot,ET,45,65.3344541,
eu,,foot,ET,45,64.93236179,
eu,,foot,ET,45,64.6764313,
eu,,foot,ET,45,63.91760526,
eu,,foot,ET,47,63.55769505,
eu,,foot,ET,47,62.66631398,
eu,,foot,ET,39,78.47928104,
eu,,foot,ET,41,76.64478727,
eu,,foot,ET,41,73.92043201,
eu,,foot,ET,41,73.90588924,
eu,,foot,ET,41,73.78724956,
eu,,foot,ET,41,73.62211059,
eu,,foot,ET,41,73.16730012,
eu,,foot,ET,42,72.29854286,
eu,,foot,ET,42,72.0814608,
eu,,foot,ET,42,71.30701013,
eu,,foot,ET,42,71.17945868,
eu,,foot,ET,43,71.00766173,
eu,,foot,ET,43,70.8191753,
eu,,foot,ET,43,70.79399108,
eu,,foot,ET,43,70.27887592,
eu,,foot,ET,43,70.16226497,
eu,,foot,ET,44,69.52191107,
eu,,foot,ET,44,69.25059801,
eu,,foot,ET,44,68.79466464,
eu,,foot,ET,45,68.63195203,
eu,,foot,ET,45,68.14534224,
eu,,foot,ET,45,67.70389349,
eu,,foot,ET,45,67.54711507,
eu,,foot,ET,45,66.99090825,
eu,,foot,ET,46,66.97736018,
eu,,foot,ET,46,66.00913884,
eu,,foot,ET,46,65.94979175,
eu,,foot,ET,47,65.21696205,
eu,female,abdomen,SC,10,13.89,
eu,male,abdomen,SC,16,13.68,
eu,female,abdomen,SC,20,9.125,
eu,male,abdomen,SC,16,13.7,
eu,female,abdomen,SC,21,12.39,
eu,female,abdomen,SC,20,13.107,
eu,male,abdomen,SC,20,13.5,
eu,male,abdomen,SC,21,15.09,
eu,female,abdomen,SC,21,16.45,
eu,male,abdomen,SC,22,13.36,
eu,male,abdomen,SC,22,13.04,
eu,female,abdomen,SC,23,12.786,
eu,female,abdomen,SC,24,11.82,
eu,female,abdomen,SC,25,12.375,
eu,female,abdomen,SC,32,10.536,
eu,female,abdomen,SC,34,10.536,
eu,female,abdomen,SC,40,8.768,
eu,female,abdomen,SC,39,8.891,
eu,male,abdomen,SC,41,10.16,
eu,female,abdomen,SC,42,11.55,
eu,female,abdomen,SC,44,10.786,
eu,male,abdomen,SC,49,10.875,
eu,male,abdomen,SC,53,10.375,
eu,female,abdomen,SC,56,12.179,
eu,female,abdomen,SC,57,11.679,
eu,female,abdomen,SC,60,8.61,
eu,female,abdomen,SC,63,10.68,
eu,male,abdomen,SC,66,10.18,
eu,female,abdomen,SC,75,12.86,
eu,female,abdomen,SC,74,8.95,
eu,female,face,ET,20,33.84,
eu,male,face,ET,24,31.32,
eu,male,face,ET,27,45.72,
eu,male,face,ET,31,60.12,
eu,male,face,ET,33,66.96,
eu,male,face,ET,32,26.24,
eu,male,face,ET,35,45.72,
eu,male,face,ET,41,80.64,
eu,male,face,ET,45,32.04,
eu,male,face,ET,48,50.04,
eu,male,face,ET,52,100.44,
eu,male,face,ET,56,82.44,
eu,male,face,ET,53,33.84,
eu,female,face,ET,57,38.97,
eu,female,face,ET,58,63.72,
eu,male,face,ET,58,51.12,
eu,male,face,ET,58,30.6,
eu,male,face,ET,61,59.04,
eu,female,face,ET,61,43.92,
eu,male,face,ET,64,53.64,
eu,female,face,ET,68,65.52,
eu,male,face,ET,70,62.64,
eu,female,face,ET,70,19.44,
eu,female,face,ET,71,19.6,
eu,female,face,ET,72,48.6,
eu,male,face,ET,80,78.12,
eu,male,face,ET,82,33.12,
eu,male,face,ET,85,86.04,
eu,female,face,ET,86,18,
eu,male,face,ET,89,24.12,
eu,male,leg,ET,14,32.031,
eu,male,leg,ET,15,45.333,
eu,female,leg,ET,20,75.906,
eu,female,leg,ET,20,63.315,
eu,female,leg,ET,21,36.702,
eu,male,leg,ET,24,36.702,
eu,male,leg,ET,30,93.528,
eu,male,leg,ET,33,38.502,
eu,female,leg,ET,35,60.084,
eu,male,leg,ET,37,43.893,
eu,female,leg,ET,38,63.675,
eu,female,leg,ET,41,82.737,
eu,male,leg,ET,41,73.746,
eu,male,leg,ET,42,55.764,
eu,male,leg,ET,42,33.462,
eu,female,leg,ET,43,67.275,
eu,male,leg,ET,43,38.862,
eu,male,leg,ET,44,78.066,
eu,male,leg,ET,46,37.782,
eu,male,leg,ET,47,38.502,
eu,male,leg,ET,50,70.155,
eu,male,leg,ET,51,60.084,
eu,male,leg,ET,52,69.075,
eu,male,leg,ET,52,60.804,
eu,male,leg,ET,53,69.075,
eu,male,leg,ET,54,46.773,
eu,male,leg,ET,55,46.71,
eu,male,leg,ET,55,80.577,
eu,male,leg,ET,58,26.271,
eu,male,leg,ET,59,22.32,
eu,male,leg,ET,59,49.293,
eu,male,leg,ET,60,38.502,
eu,male,leg,ET,61,65.475,
eu,female,leg,ET,61,85.977,
eu,male,leg,ET,62,42.093,
eu,male,leg,ET,62,54.324,
eu,male,leg,ET,63,89.577,
eu,male,leg,ET,63,49.653,
eu,male,leg,ET,64,43.173,
eu,male,leg,ET,66,60.444,
eu,male,leg,ET,67,76.986,
eu,male,leg,ET,67,82.377,
eu,male,leg,ET,69,55.404,
eu,male,leg,ET,70,94.608,
eu,female,leg,ET,78,93.168,
eu,male,arm,ET,14,32.031,
eu,male,arm,ET,15,45.333,
eu,female,arm,ET,20,75.906,
eu,female,arm,ET,20,63.315,
eu,female,arm,ET,21,36.702,
eu,male,arm,ET,24,36.702,
eu,male,arm,ET,30,93.528,
eu,male,arm,ET,33,38.502,
eu,female,arm,ET,35,60.084,
eu,male,arm,ET,37,43.893,
eu,female,arm,ET,38,63.675,
eu,female,arm,ET,41,82.737,
eu,male,arm,ET,41,73.746,
eu,male,arm,ET,42,55.764,
eu,male,arm,ET,42,33.462,
eu,female,arm,ET,43,67.275,
eu,male,arm,ET,43,38.862,
eu,male,arm,ET,44,78.066,
eu,male,arm,ET,46,37.782,
eu,male,arm,ET,47,38.502,
eu,male,arm,ET,50,70.155,
eu,male,arm,ET,51,60.084,
eu,male,arm,ET,52,69.075,
eu,male,arm,ET,52,60.804,
eu,male,arm,ET,53,69.075,
eu,male,arm,ET,54,46.773,
eu,male,arm,ET,55,46.71,
eu,male,arm,ET,55,80.577,
eu,male,arm,ET,58,26.271,
eu,male,arm,ET,59,22.32,
eu,male,arm,ET,59,49.293,
eu,male,arm,ET,60,38.502,
eu,male,arm,ET,61,65.475,
eu,female,arm,ET,61,85.977,
eu,male,arm,ET,62,42.093,
eu,male,arm,ET,62,54.324,
eu,male,arm,ET,63,89.577,
eu,male,arm,ET,63,49.653,
eu,male,arm,ET,64,43.173,
eu,male,arm,ET,66,60.444,
eu,male,arm,ET,67,76.986,
eu,male,arm,ET,67,82.377,
eu,male,arm,ET,69,55.404,
eu,male,arm,ET,70,94.608,
eu,female,arm,ET,78,93.168,
eu,male,abdomen,ET,25,20.8,
eu,male,abdomen,ET,26,37.6,
eu,male,abdomen,ET,27,18.8,
eu,male,abdomen,ET,28,1.6,
eu,male,abdomen,ET,29,10.8,
eu,male,abdomen,ET,30,35.2,
eu,male,abdomen,ET,32,18.8,
eu,male,abdomen,ET,34,22.4,
eu,male,abdomen,ET,35,32.8,
eu,male,abdomen,ET,38,23.6,
eu,male,abdomen,ET,39,56,
eu,male,abdomen,ET,42,13.6,
eu,male,abdomen,ET,42,13.62,
eu,male,abdomen,ET,43,38.8,
eu,male,abdomen,ET,46,27.2,
eu,male,abdomen,ET,52,32.4,
eu,male,abdomen,ET,53,23.6,
eu,female,abdomen,ET,55,31.2,
eu,male,abdomen,ET,55,23.2,
eu,male,abdomen,ET,55,15.2,
eu,male,abdomen,ET,56,72.8,
eu,male,abdomen,ET,56,9.6,
eu,male,abdomen,ET,56,22.8,
eu,male,abdomen,ET,57,29.2,
eu,male,abdomen,ET,58,11.6,
eu,male,abdomen,ET,59,24,
eu,male,abdomen,ET,60,52,
eu,male,abdomen,ET,60,35.2,
eu,male,abdomen,ET,60,15.2,
eu,male,abdomen,ET,61,38.8,
eu,male,abdomen,ET,62,24.8,
eu,male,abdomen,ET,62,10.4,
eu,male,abdomen,ET,67,19.6,
eu,female,abdomen,ET,72,11.6,
eu,male,abdomen,ET,75,20,
eu,female,abdomen,ET,86,16.4,
eu,female,abdomen,ET,29,10.8,
eu,female,abdomen,ET,34,22.4,
eu,female,abdomen,ET,39,56,
eu,female,abdomen,ET,25,20.8,
eu,female,abdomen,ET,42,13.6,
eu,female,abdomen,ET,43,38.8,
eu,female,abdomen,ET,55,15.2,
eu,male,Volar forearm,ET,50,44,
eu,male,Volar forearm,ET,72,32,
eu,male,Volar forearm,ET,46,34,
eu,male,Volar forearm,ET,61,44,
eu,male,Volar forearm,ET,67,35,
eu,male,Volar forearm,ET,60,22,
eu,male,back,ET,50,44,
eu,male,back,ET,72,35,
eu,male,back,ET,46,29,
eu,male,back,ET,61,47,
eu,male,back,ET,67,27,
eu,male,back,ET,60,43,
eu,male,leg,ET,50,52,
eu,male,leg,ET,72,35,
eu,male,leg,ET,46,38,
eu,male,leg,ET,61,49,
eu,male,leg,ET,67,31,
eu,male,leg,ET,60,35,
eu,female,forearm,ET,0.460273973,136.5,
eu,female,forearm,ET,0.460273973,157.1,
eu,female,forearm,ET,0.479452055,156.6,
eu,male,forearm,ET,0.479452055,145.6,
eu,male,forearm,ET,0.498630137,149,
eu,male,forearm,ET,0.498630137,144.3,
eu,male,forearm,ET,0.498630137,161.7,
eu,male,forearm,ET,0.498630137,148.3,
eu,female,forearm,ET,0.517808219,152.8,
eu,female,forearm,ET,0.517808219,120.3,
eu,female,forearm,ET,0.517808219,145.4,
eu,male,forearm,ET,0.517808219,133.4,
eu,female,forearm,ET,0.517808219,106.7,
eu,female,forearm,ET,0.556164384,151.8,
eu,female,forearm,ET,0.556164384,173.5,
eu,male,forearm,ET,0.556164384,158.7,
eu,male,forearm,ET,0.556164384,166.7,
eu,male,forearm,ET,0.556164384,137.7,
eu,male,forearm,ET,0.556164384,119.5,
eu,male,forearm,ET,0.575342466,144.3,
eu,female,forearm,ET,0.575342466,158.4,
eu,female,forearm,ET,0.575342466,146,
eu,female,forearm,ET,0.575342466,170.5,
eu,female,forearm,ET,0.575342466,154.7,
eu,female,forearm,ET,0.575342466,156.9,
eu,female,forearm,ET,0.575342466,112,
eu,male,forearm,ET,0.594520548,151.5,
eu,male,forearm,ET,0.594520548,149.5,
eu,female,forearm,ET,0.594520548,135,
eu,female,forearm,ET,0.594520548,167.7,
eu,female,forearm,ET,0.594520548,166.1,
eu,male,forearm,ET,0.594520548,134.6,
eu,male,forearm,ET,0.594520548,154.3,
eu,female,forearm,ET,0.594520548,147.9,
eu,female,forearm,ET,0.594520548,164.7,
eu,male,forearm,ET,0.594520548,161.6,
eu,female,forearm,ET,0.61369863,161.1,
eu,male,forearm,ET,0.61369863,160,
eu,male,forearm,ET,0.61369863,173.1,
eu,male,forearm,ET,0.61369863,154.7,
eu,female,forearm,ET,0.632876712,121.8,
eu,male,forearm,ET,0.632876712,168,
eu,male,forearm,ET,0.632876712,168,
eu,male,forearm,ET,0.632876712,157.7,
eu,male,forearm,ET,0.632876712,156.2,
eu,male,forearm,ET,0.632876712,157.6,
eu,female,forearm,ET,0.632876712,161.3,
eu,male,forearm,ET,0.632876712,185.3,
eu,male,forearm,ET,0.632876712,157.8,
eu,male,forearm,ET,0.632876712,174.1,
eu,male,forearm,ET,0.632876712,170.1,
eu,male,forearm,ET,0.632876712,167.4,
eu,male,forearm,ET,0.632876712,170.6,
eu,female,forearm,ET,0.632876712,176.7,
eu,female,forearm,ET,0.632876712,142.7,
eu,male,forearm,ET,0.632876712,179.3,
eu,male,forearm,ET,0.632876712,158.5,
eu,male,forearm,ET,0.632876712,179.4,
eu,female,forearm,ET,0.632876712,164.8,
eu,male,forearm,ET,0.652054795,175.2,
eu,female,forearm,ET,0.652054795,146.7,
eu,male,forearm,ET,0.652054795,185.2,
eu,male,forearm,ET,0.652054795,175.6,
eu,male,forearm,ET,0.652054795,188.3,
eu,female,forearm,ET,0.652054795,170.7,
eu,female,forearm,ET,0.652054795,158.8,
eu,female,forearm,ET,0.652054795,194.6,
eu,male,forearm,ET,0.652054795,194.3,
eu,male,forearm,ET,0.652054795,175,
eu,male,forearm,ET,0.652054795,137.4,
eu,female,forearm,ET,0.652054795,198.4,
eu,male,forearm,ET,0.652054795,174.2,
eu,male,forearm,ET,0.652054795,178.3,
eu,male,forearm,ET,0.652054795,137.2,
eu,male,forearm,ET,0.652054795,192,
eu,female,forearm,ET,0.652054795,177.6,
eu,male,forearm,ET,0.671232877,170.6,
eu,female,forearm,ET,0.671232877,159.9,
eu,male,forearm,ET,0.671232877,175.5,
eu,male,forearm,ET,0.671232877,190.1,
eu,male,forearm,ET,0.671232877,195.8,
eu,male,forearm,ET,0.671232877,186.2,
eu,female,forearm,ET,0.671232877,162.7,
eu,male,forearm,ET,0.671232877,178.9,
eu,female,forearm,ET,0.671232877,138.1,
eu,female,forearm,ET,0.671232877,181.8,
eu,male,forearm,ET,0.671232877,173.1,
eu,female,forearm,ET,0.671232877,182.7,
eu,male,forearm,ET,0.671232877,206.6,
eu,female,forearm,ET,0.671232877,186.1,
eu,male,forearm,ET,0.671232877,145.9,
eu,male,forearm,ET,0.671232877,161,
eu,male,forearm,ET,0.671232877,164.1,
eu,male,forearm,ET,0.671232877,169.3,
eu,male,forearm,ET,0.671232877,164.9,
eu,female,forearm,ET,0.671232877,168.9,
eu,female,forearm,ET,0.671232877,161.9,
eu,female,forearm,ET,0.671232877,167.7,
eu,female,forearm,ET,0.671232877,190.7,
eu,male,forearm,ET,0.690410959,176.4,
eu,female,forearm,ET,0.690410959,173.3,
eu,male,forearm,ET,0.690410959,158.1,
eu,male,forearm,ET,0.690410959,214.9,
eu,male,forearm,ET,0.690410959,190.5,
eu,male,forearm,ET,0.690410959,172.5,
eu,male,forearm,ET,0.690410959,198.5,
eu,female,forearm,ET,0.690410959,190.8,
eu,male,forearm,ET,0.690410959,163.7,
eu,female,forearm,ET,0.690410959,186.1,
eu,female,forearm,ET,0.690410959,172.1,
eu,male,forearm,ET,0.690410959,177.8,
eu,female,forearm,ET,0.690410959,158.2,
eu,male,forearm,ET,0.690410959,184.9,
eu,male,forearm,ET,0.690410959,174.1,
eu,female,forearm,ET,0.709589041,161.6,
eu,female,forearm,ET,0.709589041,170.6,
eu,female,forearm,ET,0.709589041,163.1,
eu,male,forearm,ET,0.709589041,190.1,
eu,female,forearm,ET,0.709589041,188.3,
eu,female,forearm,ET,0.709589041,185.7,
eu,male,forearm,ET,0.709589041,159.4,
eu,male,forearm,ET,0.709589041,202.7,
eu,female,forearm,ET,0.709589041,176.1,
eu,female,forearm,ET,0.709589041,180,
eu,female,forearm,ET,0.709589041,166.4,
eu,male,forearm,ET,0.709589041,148.6,
eu,female,forearm,ET,0.709589041,191.2,
eu,male,forearm,ET,0.709589041,173.7,
eu,female,forearm,ET,0.709589041,186,
eu,female,forearm,ET,0.709589041,168.7,
eu,male,forearm,ET,0.709589041,190.8,
eu,female,forearm,ET,0.709589041,164.2,
eu,female,forearm,ET,0.728767123,184.5,
eu,male,forearm,ET,0.728767123,195.3,
eu,female,forearm,ET,0.728767123,177.4,
eu,male,forearm,ET,0.728767123,172,
eu,male,forearm,ET,0.728767123,189.3,
eu,male,forearm,ET,0.728767123,153.2,
eu,male,forearm,ET,0.728767123,203.8,
eu,male,forearm,ET,0.728767123,175.1,
eu,male,forearm,ET,0.728767123,178.5,
eu,male,forearm,ET,0.728767123,177.2,
eu,female,forearm,ET,0.728767123,180.2,
eu,male,forearm,ET,0.728767123,164.9,
eu,male,forearm,ET,0.728767123,180.7,
eu,male,forearm,ET,0.728767123,190,
eu,male,forearm,ET,0.728767123,202.3,
eu,male,forearm,ET,0.728767123,168.3,
eu,male,forearm,ET,0.728767123,168.1,
eu,male,forearm,ET,0.728767123,190.3,
eu,male,forearm,ET,0.728767123,184.5,
eu,male,forearm,ET,0.747945205,162.7,
eu,male,forearm,ET,0.747945205,185.8,
eu,female,forearm,ET,0.747945205,177,
eu,male,forearm,ET,0.747945205,182.4,
eu,female,forearm,ET,0.747945205,164.7,
eu,male,forearm,ET,0.747945205,162.2,
eu,female,forearm,ET,0.747945205,174.6,
eu,male,forearm,ET,0.747945205,199.1,
eu,female,forearm,ET,0.747945205,173.4,
eu,female,forearm,ET,0.747945205,184.2,
eu,male,forearm,ET,0.747945205,185.3,
eu,female,forearm,ET,0.747945205,168.1,
eu,female,forearm,ET,0.747945205,193,
eu,male,forearm,ET,0.747945205,197.7,
eu,female,forearm,ET,0.747945205,180.9,
eu,male,forearm,ET,0.747945205,179.1,
eu,male,forearm,ET,0.747945205,168.6,
eu,male,forearm,ET,0.747945205,178,
eu,female,forearm,ET,0.747945205,166.1,
eu,female,forearm,ET,0.747945205,158.4,
eu,male,forearm,ET,0.747945205,224.4,
eu,male,forearm,ET,0.747945205,194.9,
eu,female,forearm,ET,0.747945205,194.7,
eu,female,forearm,ET,0.747945205,159.7,
eu,female,forearm,ET,0.747945205,202.7,
eu,male,forearm,ET,0.747945205,222.2,
eu,male,forearm,ET,0.747945205,193.6,
eu,female,forearm,ET,0.747945205,172.1,
eu,male,forearm,ET,0.747945205,188.5,
eu,male,forearm,ET,0.747945205,181.2,
eu,female,forearm,ET,0.747945205,147,
eu,female,forearm,ET,0.747945205,163.2,
eu,male,forearm,ET,0.747945205,177.6,
eu,male,forearm,ET,0.747945205,183.4,
eu,male,forearm,ET,0.747945205,195.1,
eu,female,forearm,ET,0.747945205,183.7,
eu,female,forearm,ET,0.747945205,211.1,
eu,male,forearm,ET,0.767123288,190.2,
eu,male,forearm,ET,0.767123288,203,
eu,female,forearm,ET,0.767123288,181.6,
eu,male,forearm,ET,0.767123288,180.7,
eu,female,forearm,ET,0.767123288,174.5,
eu,female,forearm,ET,0.767123288,184.3,
eu,female,forearm,ET,0.767123288,167.5,
eu,female,forearm,ET,0.767123288,158.8,
eu,male,forearm,ET,0.767123288,190.4,
eu,female,forearm,ET,0.767123288,170,
eu,female,forearm,ET,0.767123288,188.5,
eu,female,forearm,ET,0.767123288,183.9,
eu,female,forearm,ET,0.767123288,184.6,
eu,male,forearm,ET,0.767123288,209,
eu,male,forearm,ET,0.767123288,205.7,
eu,female,forearm,ET,0.767123288,165.5,
eu,female,forearm,ET,0.767123288,174.8,
eu,female,forearm,ET,0.767123288,188.8,
eu,male,forearm,ET,0.767123288,207.5,
eu,female,forearm,ET,0.767123288,144.4,
eu,male,forearm,ET,0.767123288,193.1,
eu,female,forearm,ET,0.767123288,159.5,
eu,female,forearm,ET,0.767123288,183.1,
eu,male,forearm,ET,0.767123288,208,
eu,male,forearm,ET,0.767123288,181.3,
eu,female,forearm,ET,0.767123288,191.2,
eu,male,forearm,ET,0.767123288,155.8,
eu,female,forearm,ET,0.78630137,176.1,
eu,female,forearm,ET,0.78630137,188.2,
eu,male,forearm,ET,0.78630137,187.1,
eu,female,forearm,ET,0.78630137,181.8,
eu,female,forearm,ET,0.78630137,180.6,
eu,female,forearm,ET,0.78630137,160.9,
eu,male,forearm,ET,0.78630137,178.3,
eu,female,foot,ET,0.460273973,146.4,
eu,female,foot,ET,0.460273973,164.8,
eu,female,foot,ET,0.479452055,157.6,
eu,male,foot,ET,0.479452055,136.8,
eu,male,foot,ET,0.498630137,162.4,
eu,male,foot,ET,0.498630137,148.4,
eu,male,foot,ET,0.498630137,188.1,
eu,male,foot,ET,0.498630137,139.1,
eu,female,foot,ET,0.517808219,166.5,
eu,female,foot,ET,0.517808219,172.9,
eu,female,foot,ET,0.517808219,176.6,
eu,male,foot,ET,0.517808219,166.7,
eu,female,foot,ET,0.517808219,175.8,
eu,female,foot,ET,0.556164384,160.4,
eu,female,foot,ET,0.556164384,173.5,
eu,male,foot,ET,0.556164384,181.5,
eu,male,foot,ET,0.556164384,166.7,
eu,male,foot,ET,0.556164384,167.4,
eu,male,foot,ET,0.556164384,171.4,
eu,male,foot,ET,0.575342466,168.9,
eu,female,foot,ET,0.575342466,209.6,
eu,female,foot,ET,0.575342466,189,
eu,female,foot,ET,0.575342466,169.2,
eu,female,foot,ET,0.575342466,183.5,
eu,female,foot,ET,0.575342466,186.9,
eu,female,foot,ET,0.575342466,157.1,
eu,male,foot,ET,0.594520548,166.8,
eu,male,foot,ET,0.594520548,163.4,
eu,female,foot,ET,0.594520548,166.1,
eu,female,foot,ET,0.594520548,163.4,
eu,female,foot,ET,0.594520548,173.5,
eu,male,foot,ET,0.594520548,169.1,
eu,male,foot,ET,0.594520548,193.8,
eu,female,foot,ET,0.594520548,176.2,
eu,female,foot,ET,0.594520548,174,
eu,male,foot,ET,0.594520548,209.4,
eu,female,foot,ET,0.61369863,166.1,
eu,male,foot,ET,0.61369863,180.8,
eu,male,foot,ET,0.61369863,175,
eu,male,foot,ET,0.61369863,176.6,
eu,female,foot,ET,0.632876712,158.7,
eu,male,foot,ET,0.632876712,167.5,
eu,male,foot,ET,0.632876712,149.6,
eu,male,foot,ET,0.632876712,155,
eu,male,foot,ET,0.632876712,169.8,
eu,male,foot,ET,0.632876712,178.1,
eu,female,foot,ET,0.632876712,146.6,
eu,male,foot,ET,0.632876712,195.7,
eu,male,foot,ET,0.632876712,199.2,
eu,male,foot,ET,0.632876712,183.5,
eu,male,foot,ET,0.632876712,185,
eu,male,foot,ET,0.632876712,172,
eu,male,foot,ET,0.632876712,165.2,
eu,female,foot,ET,0.632876712,181.2,
eu,female,foot,ET,0.632876712,172.2,
eu,male,foot,ET,0.632876712,193.5,
eu,male,foot,ET,0.632876712,183.9,
eu,male,foot,ET,0.632876712,181.7,
eu,female,foot,ET,0.632876712,189.1,
eu,male,foot,ET,0.652054795,175.4,
eu,female,foot,ET,0.652054795,169.5,
eu,male,foot,ET,0.652054795,159.5,
eu,male,foot,ET,0.652054795,175,
eu,male,foot,ET,0.652054795,162,
eu,female,foot,ET,0.652054795,173,
eu,female,foot,ET,0.652054795,180.1,
eu,female,foot,ET,0.652054795,161.5,
eu,male,foot,ET,0.652054795,210.6,
eu,male,foot,ET,0.652054795,156.9,
eu,male,foot,ET,0.652054795,145.7,
eu,female,foot,ET,0.652054795,205.7,
eu,male,foot,ET,0.652054795,158.2,
eu,male,foot,ET,0.652054795,156.8,
eu,male,foot,ET,0.652054795,158.6,
eu,male,foot,ET,0.652054795,173.2,
eu,female,foot,ET,0.652054795,178.1,
eu,male,foot,ET,0.671232877,157.1,
eu,female,foot,ET,0.671232877,146.7,
eu,male,foot,ET,0.671232877,185.6,
eu,male,foot,ET,0.671232877,186.7,
eu,male,foot,ET,0.671232877,165.3,
eu,male,foot,ET,0.671232877,190.5,
eu,female,foot,ET,0.671232877,163.4,
eu,male,foot,ET,0.671232877,196,
eu,female,foot,ET,0.671232877,165.2,
eu,female,foot,ET,0.671232877,193.8,
eu,male,foot,ET,0.671232877,162.6,
eu,female,foot,ET,0.671232877,162.6,
eu,male,foot,ET,0.671232877,169.1,
eu,female,foot,ET,0.671232877,174.2,
eu,male,foot,ET,0.671232877,161.8,
eu,male,foot,ET,0.671232877,173.5,
eu,male,foot,ET,0.671232877,160.2,
eu,male,foot,ET,0.671232877,187.3,
eu,male,foot,ET,0.671232877,178.8,
eu,female,foot,ET,0.671232877,149.7,
eu,female,foot,ET,0.671232877,163.1,
eu,female,foot,ET,0.671232877,178.3,
eu,female,foot,ET,0.671232877,173,
eu,male,foot,ET,0.690410959,222.3,
eu,female,foot,ET,0.690410959,181,
eu,male,foot,ET,0.690410959,174.6,
eu,male,foot,ET,0.690410959,175,
eu,male,foot,ET,0.690410959,206.5,
eu,male,foot,ET,0.690410959,166.9,
eu,male,foot,ET,0.690410959,157.2,
eu,female,foot,ET,0.690410959,176.8,
eu,male,foot,ET,0.690410959,213.3,
eu,female,foot,ET,0.690410959,146.6,
eu,female,foot,ET,0.690410959,163.5,
eu,male,foot,ET,0.690410959,185.5,
eu,female,foot,ET,0.690410959,161,
eu,male,foot,ET,0.690410959,172.8,
eu,male,foot,ET,0.690410959,183.3,
eu,female,foot,ET,0.709589041,178.8,
eu,female,foot,ET,0.709589041,189.1,
eu,female,foot,ET,0.709589041,164.9,
eu,male,foot,ET,0.709589041,191.5,
eu,female,foot,ET,0.709589041,169.5,
eu,female,foot,ET,0.709589041,184.9,
eu,male,foot,ET,0.709589041,149.5,
eu,male,foot,ET,0.709589041,163.6,
eu,female,foot,ET,0.709589041,194.7,
eu,female,foot,ET,0.709589041,180,
eu,female,foot,ET,0.709589041,220,
eu,male,foot,ET,0.709589041,156,
eu,female,foot,ET,0.709589041,178.9,
eu,male,foot,ET,0.709589041,173.7,
eu,female,foot,ET,0.709589041,169.3,
eu,female,foot,ET,0.709589041,148.2,
eu,male,foot,ET,0.709589041,194.8,
eu,female,foot,ET,0.709589041,163,
eu,female,foot,ET,0.728767123,202.5,
eu,male,foot,ET,0.728767123,195.3,
eu,female,foot,ET,0.728767123,191.6,
eu,male,foot,ET,0.728767123,169.6,
eu,male,foot,ET,0.728767123,172.9,
eu,male,foot,ET,0.728767123,189.9,
eu,male,foot,ET,0.728767123,202.7,
eu,male,foot,ET,0.728767123,171.1,
eu,male,foot,ET,0.728767123,178.6,
eu,male,foot,ET,0.728767123,194.9,
eu,female,foot,ET,0.728767123,189.3,
eu,male,foot,ET,0.728767123,181.3,
eu,male,foot,ET,0.728767123,168.3,
eu,male,foot,ET,0.728767123,213.7,
eu,male,foot,ET,0.728767123,184.5,
eu,male,foot,ET,0.728767123,178.1,
eu,male,foot,ET,0.728767123,191.9,
eu,male,foot,ET,0.728767123,160.7,
eu,male,foot,ET,0.728767123,187.8,
eu,male,foot,ET,0.747945205,142.9,
eu,male,foot,ET,0.747945205,175.6,
eu,female,foot,ET,0.747945205,169.5,
eu,male,foot,ET,0.747945205,217.3,
eu,female,foot,ET,0.747945205,174.6,
eu,male,foot,ET,0.747945205,148.1,
eu,female,foot,ET,0.747945205,180.5,
eu,male,foot,ET,0.747945205,170.5,
eu,female,foot,ET,0.747945205,161.6,
eu,female,foot,ET,0.747945205,181,
eu,male,foot,ET,0.747945205,140.6,
eu,female,foot,ET,0.747945205,127.7,
eu,female,foot,ET,0.747945205,188.3,
eu,male,foot,ET,0.747945205,191,
eu,female,foot,ET,0.747945205,181.5,
eu,male,foot,ET,0.747945205,183.3,
eu,male,foot,ET,0.747945205,171.5,
eu,male,foot,ET,0.747945205,,
eu,female,foot,ET,0.747945205,169.6,
eu,female,foot,ET,0.747945205,160.1,
eu,male,foot,ET,0.747945205,171.4,
eu,male,foot,ET,0.747945205,150,
eu,female,foot,ET,0.747945205,183.2,
eu,female,foot,ET,0.747945205,189.9,
eu,female,foot,ET,0.747945205,175.6,
eu,male,foot,ET,0.747945205,156.5,
eu,male,foot,ET,0.747945205,158.8,
eu,female,foot,ET,0.747945205,226.5,
eu,male,foot,ET,0.747945205,176.6,
eu,male,foot,ET,0.747945205,196.8,
eu,female,foot,ET,0.747945205,185.5,
eu,female,foot,ET,0.747945205,150.6,
eu,male,foot,ET,0.747945205,192.4,
eu,male,foot,ET,0.747945205,161.7,
eu,male,foot,ET,0.747945205,183.9,
eu,female,foot,ET,0.747945205,174.7,
eu,female,foot,ET,0.747945205,166.4,
eu,male,foot,ET,0.767123288,168.4,
eu,male,foot,ET,0.767123288,164.6,
eu,female,foot,ET,0.767123288,171,
eu,male,foot,ET,0.767123288,171.1,
eu,female,foot,ET,0.767123288,192.7,
eu,female,foot,ET,0.767123288,154.9,
eu,female,foot,ET,0.767123288,173.2,
eu,female,foot,ET,0.767123288,172.4,
eu,male,foot,ET,0.767123288,222.1,
eu,female,foot,ET,0.767123288,229.5,
eu,female,foot,ET,0.767123288,153.4,
eu,female,foot,ET,0.767123288,159.5,
eu,female,foot,ET,0.767123288,180.9,
eu,male,foot,ET,0.767123288,168.3,
eu,male,foot,ET,0.767123288,186.6,
eu,female,foot,ET,0.767123288,182.9,
eu,female,foot,ET,0.767123288,165.7,
eu,female,foot,ET,0.767123288,179.2,
eu,male,foot,ET,0.767123288,175.2,
eu,female,foot,ET,0.767123288,144.4,
eu,male,foot,ET,0.767123288,162.5,
eu,female,foot,ET,0.767123288,185.2,
eu,female,foot,ET,0.767123288,166,
eu,male,foot,ET,0.767123288,152.1,
eu,male,foot,ET,0.767123288,178.9,
eu,female,foot,ET,0.767123288,203.8,
eu,male,foot,ET,0.767123288,164.6,
eu,female,foot,ET,0.78630137,170.6,
eu,female,foot,ET,0.78630137,192.7,
eu,male,foot,ET,0.78630137,141.9,
eu,female,foot,ET,0.78630137,194.2,
eu,female,foot,ET,0.78630137,165.8,
eu,female,foot,ET,0.78630137,187.8,
eu,male,foot,ET,0.78630137,175.2,
asia,male,Scalp,DT,28,1681,
asia,female,Scalp,DT,31,1457,
asia,female,Scalp,DT,31,1528,
asia,male,Scalp,DT,32,1661,
asia,male,Scalp,DT,36,1666,
asia,female,Scalp,DT,40,818,
asia,male,Scalp,DT,41,2208,
asia,male,Scalp,DT,44,1575,
asia,male,Scalp,DT,47,1812,
asia,female,Scalp,DT,58,1434,
asia,male,Scalp,DT,58,1850,
asia,female,Scalp,DT,60,1315,
asia,male,Scalp,DT,64,992,
asia,male,Scalp,DT,65,681,
asia,female,Scalp,DT,66,933,
asia,female,Scalp,DT,67,1138,
asia,male,Scalp,DT,67,683,
asia,male,Scalp,DT,69,1480,
asia,male,Scalp,DT,70,1761,
asia,male,Scalp,DT,70,903,
asia,female,Scalp,DT,71,726,
asia,female,Scalp,DT,72,947,
asia,female,Scalp,DT,74,745,
asia,female,Scalp,DT,76,1101,
asia,female,Scalp,DT,80,1270,
asia,female,Scalp,DT,82,483,
asia,female,Scalp,DT,82,742,
asia,male,Scalp,DT,82,1182,
asia,female,Scalp,DT,83,1364,
asia,male,Scalp,DT,90,942,
eu,male,thigh,SC,27,7.7,
eu,male,thigh,SC,25,10.3,
eu,male,thigh,SC,26,15.3,
eu,male,thigh,SC,26,10.8,
eu,female,thigh,SC,31,10.1,
eu,female,thigh,SC,30,7.7,
eu,female,thigh,SC,30,11.9,
eu,male,back,SC,27,8.3,
eu,male,back,SC,25,10.3,
eu,male,back,SC,26,10.6,
eu,male,back,SC,26,9.6,
eu,female,back,SC,31,8.7,
eu,female,back,SC,30,8.6,
eu,female,back,SC,30,11.5,
